{
  "\u603b\u6837\u672c\u6570": 159571,
  "\u7c7b\u522b\u5206\u5e03": {
    "toxic": 15294,
    "severe_toxic": 1595,
    "obscene": 8449,
    "threat": 478,
    "insult": 7877,
    "identity_hate": 1405
  },
  "\u5e73\u5747\u6587\u672c\u957f\u5ea6": 394.0732213246768,
  "\u5e73\u5747\u8bcd\u6570": 67.27352714465661
}